section_size,eccentricity,length,DCR,median,log_standard_deviation
W36X652,0.0,1,0.95,1933.4496643264185,0.40943138137408386
W36X652,0.0,1,0.85,-,-
W36X652,0.0,1,0.75,-,-
W36X652,0.0,1,0.5,-,-
W36X652,0.0,1,0.25,-,-
W36X652,0.0,1,0.15,-,-
W36X652,0.0,1,0.05,-,-
W36X529,0.0,1,0.95,1589.0807396129549,0.4083374886447978
W36X529,0.0,1,0.85,3168.715727263113,0.2259205697161809
W36X529,0.0,1,0.75,-,-
W36X529,0.0,1,0.5,-,-
W36X529,0.0,1,0.25,-,-
W36X529,0.0,1,0.15,-,-
W36X529,0.0,1,0.05,-,-
W36X487,0.0,1,0.95,1458.2926541117408,0.4046028335604019
W36X487,0.0,1,0.85,3091.6749760839202,0.24983280827100596
W36X487,0.0,1,0.75,-,-
W36X487,0.0,1,0.5,-,-
W36X487,0.0,1,0.25,-,-
W36X487,0.0,1,0.15,-,-
W36X487,0.0,1,0.05,-,-
W36X441,0.0,1,0.95,1322.3888134855451,0.4094470844369371
W36X441,0.0,1,0.85,2586.734021042661,0.1987280685424629
W36X441,0.0,1,0.75,-,-
W36X441,0.0,1,0.5,-,-
W36X441,0.0,1,0.25,-,-
W36X441,0.0,1,0.15,-,-
W36X441,0.0,1,0.05,-,-
W36X395,0.0,1,0.95,1182.498000449183,0.4195137577544055
W36X395,0.0,1,0.85,2649.407494124167,0.2530920379885696
W36X395,0.0,1,0.75,-,-
W36X395,0.0,1,0.5,-,-
W36X395,0.0,1,0.25,-,-
W36X395,0.0,1,0.15,-,-
W36X395,0.0,1,0.05,-,-
W36X361,0.0,1,0.95,1071.1839264141133,0.4490728142829845
W36X361,0.0,1,0.85,2693.632073010158,0.3133894368170157
W36X361,0.0,1,0.75,2122.6881471866104,0.0257621397232197
W36X361,0.0,1,0.5,-,-
W36X361,0.0,1,0.25,-,-
W36X361,0.0,1,0.15,-,-
W36X361,0.0,1,0.05,-,-
W27X539,0.0,1,0.95,1929.4537072705466,0.41058089935882497
W27X539,0.0,1,0.85,-,-
W27X539,0.0,1,0.75,-,-
W27X539,0.0,1,0.5,-,-
W27X539,0.0,1,0.25,-,-
W27X539,0.0,1,0.15,-,-
W27X539,0.0,1,0.05,-,-
W33X387,0.0,1,0.95,1218.7884369357853,0.4253455188499967
W33X387,0.0,1,0.85,2696.3139738002587,0.2567322983094026
W33X387,0.0,1,0.75,-,-
W33X387,0.0,1,0.5,-,-
W33X387,0.0,1,0.25,-,-
W33X387,0.0,1,0.15,-,-
W33X387,0.0,1,0.05,-,-
W36X330,0.0,1,0.95,969.3749150198992,0.4735933480631427
W36X330,0.0,1,0.85,2470.0601151752107,0.306295155434168
W36X330,0.0,1,0.75,3248.3041959306643,0.214198327685839
W36X330,0.0,1,0.5,-,-
W36X330,0.0,1,0.25,-,-
W36X330,0.0,1,0.15,-,-
W36X330,0.0,1,0.05,-,-
W33X354,0.0,1,0.95,1108.3035678782867,0.44202830043396035
W33X354,0.0,1,0.85,2714.737899957941,0.29738717766400585
W33X354,0.0,1,0.75,2122.6881471866104,0.0257621397232197
W33X354,0.0,1,0.5,-,-
W33X354,0.0,1,0.25,-,-
W33X354,0.0,1,0.15,-,-
W33X354,0.0,1,0.05,-,-
W36X302,0.0,1,0.95,862.0575346147533,0.5185632081801146
W36X302,0.0,1,0.85,2384.548342427238,0.3364413337671925
W36X302,0.0,1,0.75,3224.8429050230566,0.2574147276935264
W36X302,0.0,1,0.5,-,-
W36X302,0.0,1,0.25,-,-
W36X302,0.0,1,0.15,-,-
W36X302,0.0,1,0.05,-,-
W30X391,0.0,1,0.95,1314.3295065385662,0.41222401803941966
W30X391,0.0,1,0.85,2586.734021042661,0.1987280685424629
W30X391,0.0,1,0.75,-,-
W30X391,0.0,1,0.5,-,-
W30X391,0.0,1,0.25,-,-
W30X391,0.0,1,0.15,-,-
W30X391,0.0,1,0.05,-,-
W36X282,0.0,1,0.95,780.0710457051975,0.5280354363295701
W36X282,0.0,1,0.85,2305.128760793563,0.3632046548618568
W36X282,0.0,1,0.75,2432.703908651856,0.14001887367009602
W36X282,0.0,1,0.5,-,-
W36X282,0.0,1,0.25,-,-
W36X282,0.0,1,0.15,-,-
W36X282,0.0,1,0.05,-,-
W33X318,0.0,1,0.95,986.7226938248335,0.4712384268477793
W33X318,0.0,1,0.85,2490.6201337038506,0.296674290899106
W33X318,0.0,1,0.75,3248.3041959306643,0.214198327685839
W33X318,0.0,1,0.5,-,-
W33X318,0.0,1,0.25,-,-
W33X318,0.0,1,0.15,-,-
W33X318,0.0,1,0.05,-,-
W30X357,0.0,1,0.95,1202.0839051535888,0.422534647200026
W30X357,0.0,1,0.85,2696.3139738002587,0.2567322983094026
W30X357,0.0,1,0.75,-,-
W30X357,0.0,1,0.5,-,-
W30X357,0.0,1,0.25,-,-
W30X357,0.0,1,0.15,-,-
W30X357,0.0,1,0.05,-,-
W36X262,0.0,1,0.95,696.7856953191084,0.5494578978474757
W36X262,0.0,1,0.85,2181.602039921311,0.3697888889522378
W36X262,0.0,1,0.75,2518.398260610804,0.18763929080788888
W36X262,0.0,1,0.5,-,-
W36X262,0.0,1,0.25,-,-
W36X262,0.0,1,0.15,-,-
W36X262,0.0,1,0.05,-,-
W33X291,0.0,1,0.95,894.1439543799563,0.49545608680859665
W33X291,0.0,1,0.85,2390.671528486447,0.3280115461714889
W33X291,0.0,1,0.75,3363.932347928724,0.2629091841133783
W33X291,0.0,1,0.5,-,-
W33X291,0.0,1,0.25,-,-
W33X291,0.0,1,0.15,-,-
W33X291,0.0,1,0.05,-,-
W36X256,0.0,1,0.95,894.2077651043055,0.4971641260052471
W36X256,0.0,1,0.85,2404.5624198085607,0.33175475075993216
W36X256,0.0,1,0.75,3363.932347928724,0.2629091841133783
W36X256,0.0,1,0.5,-,-
W36X256,0.0,1,0.25,-,-
W36X256,0.0,1,0.15,-,-
W36X256,0.0,1,0.05,-,-
W30X326,0.0,1,0.95,1091.2232683622556,0.4396390717242863
W30X326,0.0,1,0.85,2623.0784023621936,0.2870556200689189
W30X326,0.0,1,0.75,2122.6881471866104,0.0257621397232197
W30X326,0.0,1,0.5,-,-
W30X326,0.0,1,0.25,-,-
W30X326,0.0,1,0.15,-,-
W30X326,0.0,1,0.05,-,-
W36X247,0.0,1,0.95,648.3395148622201,0.5699992364103527
W36X247,0.0,1,0.85,2047.4796505832217,0.34991492018170467
W36X247,0.0,1,0.75,2696.3139738002587,0.2567322983094026
W36X247,0.0,1,0.5,-,-
W36X247,0.0,1,0.25,-,-
W36X247,0.0,1,0.15,-,-
W36X247,0.0,1,0.05,-,-
W27X368,0.0,1,0.95,1338.475898652488,0.4022457537026285
W27X368,0.0,1,0.85,2655.9025792850985,0.20452115845975616
W27X368,0.0,1,0.75,-,-
W27X368,0.0,1,0.5,-,-
W27X368,0.0,1,0.25,-,-
W27X368,0.0,1,0.15,-,-
W27X368,0.0,1,0.05,-,-
W33X263,0.0,1,0.95,772.4773747781959,0.5258980825388402
W33X263,0.0,1,0.85,2304.6168863499483,0.3738301060962043
W33X263,0.0,1,0.75,2570.3770753277627,0.18214424671300483
W33X263,0.0,1,0.5,-,-
W33X263,0.0,1,0.25,-,-
W33X263,0.0,1,0.15,-,-
W33X263,0.0,1,0.05,-,-
W36X231,0.0,1,0.95,598.2998097439763,0.5828681183887839
W36X231,0.0,1,0.85,1933.9694364497157,0.360241314221263
W36X231,0.0,1,0.75,2714.737899957941,0.29738717766400585
W36X231,0.0,1,0.5,-,-
W36X231,0.0,1,0.25,-,-
W36X231,0.0,1,0.15,-,-
W36X231,0.0,1,0.05,-,-
W36X232,0.0,1,0.95,774.1349990512484,0.5247627038916264
W36X232,0.0,1,0.85,2304.6168860635566,0.37383010600414734
W36X232,0.0,1,0.75,2464.0148197798235,0.14854462588068187
W36X232,0.0,1,0.5,-,-
W36X232,0.0,1,0.25,-,-
W36X232,0.0,1,0.15,-,-
W36X232,0.0,1,0.05,-,-
W30X292,0.0,1,0.95,968.0307970846136,0.47341154611651587
W30X292,0.0,1,0.85,2467.4025265967844,0.30768891805193604
W30X292,0.0,1,0.75,2644.928007361155,0.13790517526207063
W30X292,0.0,1,0.5,-,-
W30X292,0.0,1,0.25,-,-
W30X292,0.0,1,0.15,-,-
W30X292,0.0,1,0.05,-,-
W27X336,0.0,1,0.95,1217.9314154005604,0.42363840225312055
W27X336,0.0,1,0.85,2696.3139738002587,0.2567322983094026
W27X336,0.0,1,0.75,-,-
W27X336,0.0,1,0.5,-,-
W27X336,0.0,1,0.25,-,-
W27X336,0.0,1,0.15,-,-
W27X336,0.0,1,0.05,-,-
W14X730,0.0,1,0.95,2467.5644982075623,0.34354109142906825
W14X730,0.0,1,0.85,-,-
W14X730,0.0,1,0.75,-,-
W14X730,0.0,1,0.5,-,-
W14X730,0.0,1,0.25,-,-
W14X730,0.0,1,0.15,-,-
W14X730,0.0,1,0.05,-,-
W33X241,0.0,1,0.95,682.9150335046886,0.5553107376452114
W33X241,0.0,1,0.85,2110.680251477964,0.3666877709950317
W33X241,0.0,1,0.75,2714.3138669643345,0.24986037794726262
W33X241,0.0,1,0.5,-,-
W33X241,0.0,1,0.25,-,-
W33X241,0.0,1,0.15,-,-
W33X241,0.0,1,0.05,-,-
W24X370,0.0,1,0.95,1467.5592871263148,0.40710853002759717
W24X370,0.0,1,0.85,3224.8429050230566,0.2574147276935264
W24X370,0.0,1,0.75,-,-
W24X370,0.0,1,0.5,-,-
W24X370,0.0,1,0.25,-,-
W24X370,0.0,1,0.15,-,-
W24X370,0.0,1,0.05,-,-
W36X210,0.0,1,0.95,674.7625559291532,0.5611795007054933
W36X210,0.0,1,0.85,2094.1339911521927,0.3613107278487512
W36X210,0.0,1,0.75,2702.3426044163957,0.25024788315497937
W36X210,0.0,1,0.5,-,-
W36X210,0.0,1,0.25,-,-
W36X210,0.0,1,0.15,-,-
W36X210,0.0,1,0.05,-,-
W30X261,0.0,1,0.95,820.9658252876427,0.521001342467758
W30X261,0.0,1,0.85,2402.452786387634,0.36354713127813115
W30X261,0.0,1,0.75,2583.9798428380896,0.15636003899333836
W30X261,0.0,1,0.5,-,-
W30X261,0.0,1,0.25,-,-
W30X261,0.0,1,0.15,-,-
W30X261,0.0,1,0.05,-,-
W27X307,0.0,1,0.95,1108.3035678782867,0.44202830043396035
W27X307,0.0,1,0.85,2714.737899957941,0.29738717766400585
W27X307,0.0,1,0.75,2122.6904213099515,0.025762603305677197
W27X307,0.0,1,0.5,-,-
W27X307,0.0,1,0.25,-,-
W27X307,0.0,1,0.15,-,-
W27X307,0.0,1,0.05,-,-
W33X221,0.0,1,0.95,598.9739066230408,0.589764855950214
W33X221,0.0,1,0.85,1962.367806779087,0.36368004800054243
W33X221,0.0,1,0.75,2770.474615032449,0.3046892764550795
W33X221,0.0,1,0.5,-,-
W33X221,0.0,1,0.25,-,-
W33X221,0.0,1,0.15,-,-
W33X221,0.0,1,0.05,-,-
W14X665,0.0,1,0.95,2403.7113163990693,0.38391303979974595
W14X665,0.0,1,0.85,-,-
W14X665,0.0,1,0.75,-,-
W14X665,0.0,1,0.5,-,-
W14X665,0.0,1,0.25,-,-
W14X665,0.0,1,0.15,-,-
W14X665,0.0,1,0.05,-,-
W36X194,0.0,1,0.95,598.9739067827999,0.5897648556522892
W36X194,0.0,1,0.85,1947.3319116127282,0.36158667168507796
W36X194,0.0,1,0.75,2746.326845160467,0.30138582019484833
W36X194,0.0,1,0.5,-,-
W36X194,0.0,1,0.25,-,-
W36X194,0.0,1,0.15,-,-
W36X194,0.0,1,0.05,-,-
W27X281,0.0,1,0.95,1009.5959339834587,0.46327498307350035
W27X281,0.0,1,0.85,2533.2020797902346,0.30431163130608463
W27X281,0.0,1,0.75,3248.304088534938,0.21419831372645692
W27X281,0.0,1,0.5,-,-
W27X281,0.0,1,0.25,-,-
W27X281,0.0,1,0.15,-,-
W27X281,0.0,1,0.05,-,-
W24X335,0.0,1,0.95,1328.7070582697897,0.40829028588821853
W24X335,0.0,1,0.85,2685.8111022583867,0.21902071331737566
W24X335,0.0,1,0.75,-,-
W24X335,0.0,1,0.5,-,-
W24X335,0.0,1,0.25,-,-
W24X335,0.0,1,0.15,-,-
W24X335,0.0,1,0.05,-,-
W30X235,0.0,1,0.95,714.6447730034073,0.5343398072698138
W30X235,0.0,1,0.85,2203.4827810713073,0.3660289260479814
W30X235,0.0,1,0.75,2586.734021042661,0.1987280685424629
W30X235,0.0,1,0.5,-,-
W30X235,0.0,1,0.25,-,-
W30X235,0.0,1,0.15,-,-
W30X235,0.0,1,0.05,-,-
W33X201,0.0,1,0.95,504.99105730825255,0.6507354333480999
W33X201,0.0,1,0.85,1777.7790765557843,0.3460241416559281
W33X201,0.0,1,0.75,2546.94413348617,0.29786145472084485
W33X201,0.0,1,0.5,-,-
W33X201,0.0,1,0.25,-,-
W33X201,0.0,1,0.15,-,-
W33X201,0.0,1,0.05,-,-
W36X182,0.0,1,0.95,540.5983456568543,0.6199588925373923
W36X182,0.0,1,0.85,1837.7079168107311,0.35408319843129543
W36X182,0.0,1,0.75,2743.867664059558,0.33119745209853707
W36X182,0.0,1,0.5,-,-
W36X182,0.0,1,0.25,-,-
W36X182,0.0,1,0.15,-,-
W36X182,0.0,1,0.05,-,-
W27X258,0.0,1,0.95,908.9239589271451,0.48862199853961696
W27X258,0.0,1,0.85,2402.830445091861,0.31427708857049835
W27X258,0.0,1,0.75,3168.7156896474494,0.2259205642234567
W27X258,0.0,1,0.5,-,-
W27X258,0.0,1,0.25,-,-
W27X258,0.0,1,0.15,-,-
W27X258,0.0,1,0.05,-,-
W14X605,0.0,1,0.95,2289.335910572031,0.4046248295624219
W14X605,0.0,1,0.85,-,-
W14X605,0.0,1,0.75,-,-
W14X605,0.0,1,0.5,-,-
W14X605,0.0,1,0.25,-,-
W14X605,0.0,1,0.15,-,-
W14X605,0.0,1,0.05,-,-
W24X306,0.0,1,0.95,1214.1637573733385,0.4249064770629436
W24X306,0.0,1,0.85,2696.3139738002587,0.2567322983094026
W24X306,0.0,1,0.75,-,-
W24X306,0.0,1,0.5,-,-
W24X306,0.0,1,0.25,-,-
W24X306,0.0,1,0.15,-,-
W24X306,0.0,1,0.05,-,-
W36X170,0.0,1,0.95,480.7962986296616,0.6575715347197808
W36X170,0.0,1,0.85,1711.605819502128,0.3488767832595734
W36X170,0.0,1,0.75,2512.071144211683,0.3078075832911312
W36X170,0.0,1,0.5,-,-
W36X170,0.0,1,0.25,-,-
W36X170,0.0,1,0.15,-,-
W36X170,0.0,1,0.05,-,-
W30X211,0.0,1,0.95,604.7520077062153,0.5961811965091856
W30X211,0.0,1,0.85,1991.7947666764671,0.36299887775937656
W30X211,0.0,1,0.75,2738.4795921651285,0.28422914426121537
W30X211,0.0,1,0.5,-,-
W30X211,0.0,1,0.25,-,-
W30X211,0.0,1,0.15,-,-
W30X211,0.0,1,0.05,-,-
W36X160,0.0,1,0.95,437.2858610904612,0.6768583199869156
W36X160,0.0,1,0.85,1619.2562492977413,0.3440031941864547
W36X160,0.0,1,0.75,2373.993493567951,0.30010796574162235
W36X160,0.0,1,0.5,-,-
W36X160,0.0,1,0.25,-,-
W36X160,0.0,1,0.15,-,-
W36X160,0.0,1,0.05,-,-
W27X235,0.0,1,0.95,791.380153309945,0.5310015438925507
W27X235,0.0,1,0.85,2316.418250705089,0.3463587322247191
W27X235,0.0,1,0.75,2447.0739653341398,0.1364429150143858
W27X235,0.0,1,0.5,-,-
W27X235,0.0,1,0.25,-,-
W27X235,0.0,1,0.15,-,-
W27X235,0.0,1,0.05,-,-
W24X279,0.0,1,0.95,1104.682326833996,0.4436424539788552
W24X279,0.0,1,0.85,2634.547231361801,0.28047110614770665
W24X279,0.0,1,0.75,2122.6881471866104,0.0257621397232197
W24X279,0.0,1,0.5,-,-
W24X279,0.0,1,0.25,-,-
W24X279,0.0,1,0.15,-,-
W24X279,0.0,1,0.05,-,-
W14X550,0.0,1,0.95,2113.338694549849,0.40512175669844963
W14X550,0.0,1,0.85,-,-
W14X550,0.0,1,0.75,-,-
W14X550,0.0,1,0.5,-,-
W14X550,0.0,1,0.25,-,-
W14X550,0.0,1,0.15,-,-
W14X550,0.0,1,0.05,-,-
W33X169,0.0,1,0.95,521.9475732902617,0.6365036933528812
W33X169,0.0,1,0.85,1797.6275348473625,0.3508713743007966
W33X169,0.0,1,0.75,2633.444343751606,0.31843540952825594
W33X169,0.0,1,0.5,-,-
W33X169,0.0,1,0.25,-,-
W33X169,0.0,1,0.15,-,-
W33X169,0.0,1,0.05,-,-
W30X191,0.0,1,0.95,523.981764633109,0.6332222466343469
W30X191,0.0,1,0.85,1800.2400748695939,0.35150112194452665
W30X191,0.0,1,0.75,2633.4443400713008,0.318435408294823
W30X191,0.0,1,0.5,-,-
W30X191,0.0,1,0.25,-,-
W30X191,0.0,1,0.15,-,-
W30X191,0.0,1,0.05,-,-
W36X150,0.0,1,0.95,365.22811336406136,0.8023601421090547
W36X150,0.0,1,0.85,1529.3990809572304,0.32786499654892015
W36X150,0.0,1,0.75,2382.192847478739,0.35175216332849335
W36X150,0.0,1,0.5,-,-
W36X150,0.0,1,0.25,-,-
W36X150,0.0,1,0.15,-,-
W36X150,0.0,1,0.05,-,-
W27X217,0.0,1,0.95,714.6447729854868,0.5343398071870762
W27X217,0.0,1,0.85,2190.6594140440275,0.36023699257906955
W27X217,0.0,1,0.75,2586.734021273976,0.19872806858220982
W27X217,0.0,1,0.5,-,-
W27X217,0.0,1,0.25,-,-
W27X217,0.0,1,0.15,-,-
W27X217,0.0,1,0.05,-,-
W24X250,0.0,1,0.95,980.7112067146559,0.46661819998491966
W24X250,0.0,1,0.85,2507.3883627775576,0.3109941007230375
W24X250,0.0,1,0.75,3248.30409396499,0.2141983144281032
W24X250,0.0,1,0.5,-,-
W24X250,0.0,1,0.25,-,-
W24X250,0.0,1,0.15,-,-
W24X250,0.0,1,0.05,-,-
W30X173,0.0,1,0.95,441.52191434115656,0.685524646469784
W30X173,0.0,1,0.85,1638.1042318297064,0.3402860036801466
W30X173,0.0,1,0.75,2430.0488940737378,0.31294785768405237
W30X173,0.0,1,0.5,-,-
W30X173,0.0,1,0.25,-,-
W30X173,0.0,1,0.15,-,-
W30X173,0.0,1,0.05,-,-
W14X500,0.0,1,0.95,1928.950117118782,0.40745960738399717
W14X500,0.0,1,0.85,-,-
W14X500,0.0,1,0.75,-,-
W14X500,0.0,1,0.5,-,-
W14X500,0.0,1,0.25,-,-
W14X500,0.0,1,0.15,-,-
W14X500,0.0,1,0.05,-,-
W33X152,0.0,1,0.95,439.5755226743762,0.677808121014708
W33X152,0.0,1,0.85,1626.5508692791198,0.33964180269128
W33X152,0.0,1,0.75,2378.8101997128206,0.29591797401965647
W33X152,0.0,1,0.5,-,-
W33X152,0.0,1,0.25,-,-
W33X152,0.0,1,0.15,-,-
W33X152,0.0,1,0.05,-,-
W27X194,0.0,1,0.95,603.1163484563003,0.5944631980259185
W27X194,0.0,1,0.85,1987.9072633934934,0.3654275959086481
W27X194,0.0,1,0.75,2771.4429586399715,0.29523556368483495
W27X194,0.0,1,0.5,-,-
W27X194,0.0,1,0.25,-,-
W27X194,0.0,1,0.15,-,-
W27X194,0.0,1,0.05,-,-
W24X229,0.0,1,0.95,881.3579439180276,0.5049291749119124
W24X229,0.0,1,0.85,2401.6343670689507,0.3369393670447193
W24X229,0.0,1,0.75,2901.8057904843695,0.2019241026609324
W24X229,0.0,1,0.5,-,-
W24X229,0.0,1,0.25,-,-
W24X229,0.0,1,0.15,-,-
W24X229,0.0,1,0.05,-,-
W33X141,0.0,1,0.95,356.9428525363722,0.806393608892792
W33X141,0.0,1,0.85,1526.969645590126,0.333765889715874
W33X141,0.0,1,0.75,2349.2618410894397,0.3432979865100106
W33X141,0.0,1,0.5,-,-
W33X141,0.0,1,0.25,-,-
W33X141,0.0,1,0.15,-,-
W33X141,0.0,1,0.05,-,-
W14X455,0.0,1,0.95,1769.0182245608344,0.40435861442137466
W14X455,0.0,1,0.85,2122.6881471866104,0.0257621397232197
W14X455,0.0,1,0.75,-,-
W14X455,0.0,1,0.5,-,-
W14X455,0.0,1,0.25,-,-
W14X455,0.0,1,0.15,-,-
W14X455,0.0,1,0.05,-,-
W27X178,0.0,1,0.95,534.0045376989917,0.6224435200651008
W27X178,0.0,1,0.85,1821.3761550136153,0.352655119125697
W27X178,0.0,1,0.75,2737.559261794597,0.3365774075245204
W27X178,0.0,1,0.5,-,-
W27X178,0.0,1,0.25,-,-
W27X178,0.0,1,0.15,-,-
W27X178,0.0,1,0.05,-,-
W18X311,0.0,1,0.95,1467.5592871263148,0.40710853002759717
W18X311,0.0,1,0.85,3224.8429050230566,0.2574147276935264
W18X311,0.0,1,0.75,-,-
W18X311,0.0,1,0.5,-,-
W18X311,0.0,1,0.25,-,-
W18X311,0.0,1,0.15,-,-
W18X311,0.0,1,0.05,-,-
W24X207,0.0,1,0.95,770.3686298673142,0.5213190625544929
W24X207,0.0,1,0.85,2272.0958283766718,0.360768881307759
W24X207,0.0,1,0.75,2570.3770753277627,0.18214424671300483
W24X207,0.0,1,0.5,-,-
W24X207,0.0,1,0.25,-,-
W24X207,0.0,1,0.15,-,-
W24X207,0.0,1,0.05,-,-
W33X130,0.0,1,0.95,299.12759297939016,0.8874381022736411
W33X130,0.0,1,0.85,1412.583151718542,0.3454720205792736
W33X130,0.0,1,0.75,2222.824347817882,0.3530484182890136
W33X130,0.0,1,0.5,2122.6881471866104,0.0257621397232197
W33X130,0.0,1,0.25,-,-
W33X130,0.0,1,0.15,-,-
W33X130,0.0,1,0.05,-,-
W30X148,0.0,1,0.95,490.39060564588254,0.6506362111552109
W30X148,0.0,1,0.85,1743.4973840491202,0.3585005839545873
W30X148,0.0,1,0.75,2501.03822060292,0.29100724812175055
W30X148,0.0,1,0.5,-,-
W30X148,0.0,1,0.25,-,-
W30X148,0.0,1,0.15,-,-
W30X148,0.0,1,0.05,-,-
W14X426,0.0,1,0.95,1647.2916044287033,0.4011729302366297
W14X426,0.0,1,0.85,2644.9280126675167,0.13790517621378617
W14X426,0.0,1,0.75,-,-
W14X426,0.0,1,0.5,-,-
W14X426,0.0,1,0.25,-,-
W14X426,0.0,1,0.15,-,-
W14X426,0.0,1,0.05,-,-
W27X161,0.0,1,0.95,450.2031125949593,0.6886715142471671
W27X161,0.0,1,0.85,1656.9625018289144,0.33299202007895295
W27X161,0.0,1,0.75,2441.3787244082373,0.31015930407448467
W27X161,0.0,1,0.5,-,-
W27X161,0.0,1,0.25,-,-
W27X161,0.0,1,0.15,-,-
W27X161,0.0,1,0.05,-,-
W24X192,0.0,1,0.95,692.1572905751442,0.5523636753062969
W24X192,0.0,1,0.85,2143.308488557317,0.3754739468569779
W24X192,0.0,1,0.75,2677.9090126590527,0.23786548154431061
W24X192,0.0,1,0.5,-,-
W24X192,0.0,1,0.25,-,-
W24X192,0.0,1,0.15,-,-
W24X192,0.0,1,0.05,-,-
W18X283,0.0,1,0.95,1330.5479486724164,0.40404106571994763
W18X283,0.0,1,0.85,2655.9025792850985,0.20452115845975616
W18X283,0.0,1,0.75,-,-
W18X283,0.0,1,0.5,-,-
W18X283,0.0,1,0.25,-,-
W18X283,0.0,1,0.15,-,-
W18X283,0.0,1,0.05,-,-
W14X398,0.0,1,0.95,1544.4037318841342,0.3933899767221739
W14X398,0.0,1,0.85,3363.932347928724,0.2629091841133783
W14X398,0.0,1,0.75,-,-
W14X398,0.0,1,0.5,-,-
W14X398,0.0,1,0.25,-,-
W14X398,0.0,1,0.15,-,-
W14X398,0.0,1,0.05,-,-
W30X132,0.0,1,0.95,387.58251496694027,0.7618520442866413
W30X132,0.0,1,0.85,1554.8271238788882,0.33243429792590756
W30X132,0.0,1,0.75,2392.4831404316324,0.338327734279779
W30X132,0.0,1,0.5,-,-
W30X132,0.0,1,0.25,-,-
W30X132,0.0,1,0.15,-,-
W30X132,0.0,1,0.05,-,-
W24X176,0.0,1,0.95,600.4607209949355,0.5927948179192029
W24X176,0.0,1,0.85,1970.663269266794,0.3653024753000019
W24X176,0.0,1,0.75,2814.542900711612,0.31026397958742424
W24X176,0.0,1,0.5,-,-
W24X176,0.0,1,0.25,-,-
W24X176,0.0,1,0.15,-,-
W24X176,0.0,1,0.05,-,-
W27X146,0.0,1,0.95,350.3595674523703,0.8134191632771091
W27X146,0.0,1,0.85,1513.8264688704803,0.338947928401083
W27X146,0.0,1,0.75,2348.688138513615,0.34529993012408655
W27X146,0.0,1,0.5,-,-
W27X146,0.0,1,0.25,-,-
W27X146,0.0,1,0.15,-,-
W27X146,0.0,1,0.05,-,-
W18X258,0.0,1,0.95,1217.9314154005604,0.42363840225312055
W18X258,0.0,1,0.85,2696.3139738002587,0.2567322983094026
W18X258,0.0,1,0.75,-,-
W18X258,0.0,1,0.5,-,-
W18X258,0.0,1,0.25,-,-
W18X258,0.0,1,0.15,-,-
W18X258,0.0,1,0.05,-,-
W14X370,0.0,1,0.95,1439.9774089761354,0.40413168215123124
W14X370,0.0,1,0.85,2795.9556337983786,0.20316136971083346
W14X370,0.0,1,0.75,-,-
W14X370,0.0,1,0.5,-,-
W14X370,0.0,1,0.25,-,-
W14X370,0.0,1,0.15,-,-
W14X370,0.0,1,0.05,-,-
W30X124,0.0,1,0.95,343.10349436156804,0.8088486086237094
W30X124,0.0,1,0.85,1464.2956966402778,0.34566220820027893
W30X124,0.0,1,0.75,2280.539486520652,0.34072745604039706
W30X124,0.0,1,0.5,2122.6881471866104,0.0257621397232197
W30X124,0.0,1,0.25,-,-
W30X124,0.0,1,0.15,-,-
W30X124,0.0,1,0.05,-,-
W21X201,0.0,1,0.95,791.5676154395732,0.5330551620090511
W21X201,0.0,1,0.85,2316.418250705089,0.3463587322247191
W21X201,0.0,1,0.75,2447.0739653341398,0.1364429150143858
W21X201,0.0,1,0.5,-,-
W21X201,0.0,1,0.25,-,-
W21X201,0.0,1,0.15,-,-
W21X201,0.0,1,0.05,-,-
W24X162,0.0,1,0.95,531.0796296006624,0.626967088829057
W24X162,0.0,1,0.85,1811.907904962633,0.3513635777503155
W24X162,0.0,1,0.75,2737.559261794597,0.3365774075245204
W24X162,0.0,1,0.5,-,-
W24X162,0.0,1,0.25,-,-
W24X162,0.0,1,0.15,-,-
W24X162,0.0,1,0.05,-,-
W30X116,0.0,1,0.95,291.5688193086211,0.8845796990254307
W30X116,0.0,1,0.85,1381.876669855881,0.3459562460491819
W30X116,0.0,1,0.75,2168.803266312267,0.34690365462410394
W30X116,0.0,1,0.5,2122.6881471866104,0.0257621397232197
W30X116,0.0,1,0.25,-,-
W30X116,0.0,1,0.15,-,-
W30X116,0.0,1,0.05,-,-
W18X234,0.0,1,0.95,1096.272251853081,0.43939492455903656
W18X234,0.0,1,0.85,2671.506834993549,0.29582650430233953
W18X234,0.0,1,0.75,2122.6881471866104,0.0257621397232197
W18X234,0.0,1,0.5,-,-
W18X234,0.0,1,0.25,-,-
W18X234,0.0,1,0.15,-,-
W18X234,0.0,1,0.05,-,-
W14X342,0.0,1,0.95,1338.4758987421615,0.40224575354970243
W14X342,0.0,1,0.85,2655.9025792850985,0.20452115845975616
W14X342,0.0,1,0.75,-,-
W14X342,0.0,1,0.5,-,-
W14X342,0.0,1,0.25,-,-
W14X342,0.0,1,0.15,-,-
W14X342,0.0,1,0.05,-,-
W27X129,0.0,1,0.95,439.7515764133675,0.6761884622477489
W27X129,0.0,1,0.85,1626.5508695038916,0.33964180287806156
W27X129,0.0,1,0.75,2378.8101997128206,0.29591797401965647
W27X129,0.0,1,0.5,-,-
W27X129,0.0,1,0.25,-,-
W27X129,0.0,1,0.15,-,-
W27X129,0.0,1,0.05,-,-
W21X182,0.0,1,0.95,696.2205596443202,0.54764248124123
W21X182,0.0,1,0.85,2181.249879847434,0.37190104863798074
W21X182,0.0,1,0.75,2563.4246297012232,0.20216012762158345
W21X182,0.0,1,0.5,-,-
W21X182,0.0,1,0.25,-,-
W21X182,0.0,1,0.15,-,-
W21X182,0.0,1,0.05,-,-
W24X146,0.0,1,0.95,444.75772843189,0.6878786656745205
W24X146,0.0,1,0.85,1644.4030459599387,0.33497338074845545
W24X146,0.0,1,0.75,2444.741915688939,0.3165130352313076
W24X146,0.0,1,0.5,-,-
W24X146,0.0,1,0.25,-,-
W24X146,0.0,1,0.15,-,-
W24X146,0.0,1,0.05,-,-
W30X108,0.0,1,0.95,244.80067511279282,0.9511588289793145
W30X108,0.0,1,0.85,1293.3461500201936,0.35478792421530897
W30X108,0.0,1,0.75,2023.9826291386073,0.33993107256359745
W30X108,0.0,1,0.5,3248.304273920812,0.2141983378804782
W30X108,0.0,1,0.25,-,-
W30X108,0.0,1,0.15,-,-
W30X108,0.0,1,0.05,-,-
W18X211,0.0,1,0.95,986.7226938248335,0.4712384268477793
W18X211,0.0,1,0.85,2490.6201345893874,0.29667429123943245
W18X211,0.0,1,0.75,3248.3042078818553,0.21419832924467697
W18X211,0.0,1,0.5,-,-
W18X211,0.0,1,0.25,-,-
W18X211,0.0,1,0.15,-,-
W18X211,0.0,1,0.05,-,-
W14X311,0.0,1,0.95,1217.9314154005604,0.42363840225312055
W14X311,0.0,1,0.85,2696.3139738002587,0.2567322983094026
W14X311,0.0,1,0.75,-,-
W14X311,0.0,1,0.5,-,-
W14X311,0.0,1,0.25,-,-
W14X311,0.0,1,0.15,-,-
W14X311,0.0,1,0.05,-,-
W21X166,0.0,1,0.95,604.7520077062153,0.5961811965091856
W21X166,0.0,1,0.85,1993.608594044548,0.3663716115237066
W21X166,0.0,1,0.75,2738.4795772550524,0.2842291402812849
W21X166,0.0,1,0.5,-,-
W21X166,0.0,1,0.25,-,-
W21X166,0.0,1,0.15,-,-
W21X166,0.0,1,0.05,-,-
W27X114,0.0,1,0.95,339.1101968512512,0.8009752972117361
W27X114,0.0,1,0.85,1444.399348399824,0.3383059901991087
W27X114,0.0,1,0.75,2261.733422877625,0.3459816465698263
W27X114,0.0,1,0.5,2122.6881471866104,0.0257621397232197
W27X114,0.0,1,0.25,-,-
W27X114,0.0,1,0.15,-,-
W27X114,0.0,1,0.05,-,-
W12X336,0.0,1,0.95,1603.7998745520956,0.4025399118702004
W12X336,0.0,1,0.85,3168.7156896474494,0.2259205642234567
W12X336,0.0,1,0.75,-,-
W12X336,0.0,1,0.5,-,-
W12X336,0.0,1,0.25,-,-
W12X336,0.0,1,0.15,-,-
W12X336,0.0,1,0.05,-,-
W24X131,0.0,1,0.95,346.4994695074717,0.8081330742209042
W24X131,0.0,1,0.85,1477.4583890681042,0.3438052400220469
W24X131,0.0,1,0.75,2297.776230708506,0.34167754354188257
W24X131,0.0,1,0.5,-,-
W24X131,0.0,1,0.25,-,-
W24X131,0.0,1,0.15,-,-
W24X131,0.0,1,0.05,-,-
W18X192,0.0,1,0.95,870.8974508834397,0.5143885917523192
W18X192,0.0,1,0.85,2390.2670110737713,0.3366422624188628
W18X192,0.0,1,0.75,2901.8057904843695,0.2019241026609324
W18X192,0.0,1,0.5,-,-
W18X192,0.0,1,0.25,-,-
W18X192,0.0,1,0.15,-,-
W18X192,0.0,1,0.05,-,-
W14X283,0.0,1,0.95,1104.682326833996,0.4436424539788552
W14X283,0.0,1,0.85,2653.1471446970854,0.28298932923465697
W14X283,0.0,1,0.75,2122.6881471866104,0.0257621397232197
W14X283,0.0,1,0.5,-,-
W14X283,0.0,1,0.25,-,-
W14X283,0.0,1,0.15,-,-
W14X283,0.0,1,0.05,-,-
W21X147,0.0,1,0.95,500.88927137042043,0.6476667335568905
W21X147,0.0,1,0.85,1752.8910878776712,0.3496212466607689
W21X147,0.0,1,0.75,2520.3896560850194,0.2934805732252496
W21X147,0.0,1,0.5,-,-
W21X147,0.0,1,0.25,-,-
W21X147,0.0,1,0.15,-,-
W21X147,0.0,1,0.05,-,-
W27X102,0.0,1,0.95,247.98153098417671,0.9628068164835272
W27X102,0.0,1,0.85,1313.0165046780903,0.35445312769773724
W27X102,0.0,1,0.75,2054.6681455853063,0.3423114350223634
W27X102,0.0,1,0.5,3248.3041959306643,0.214198327685839
W27X102,0.0,1,0.25,-,-
W27X102,0.0,1,0.15,-,-
W27X102,0.0,1,0.05,-,-
W12X305,0.0,1,0.95,1467.5592871263148,0.40710853002759717
W12X305,0.0,1,0.85,3224.8429050230566,0.2574147276935264
W12X305,0.0,1,0.75,-,-
W12X305,0.0,1,0.5,-,-
W12X305,0.0,1,0.25,-,-
W12X305,0.0,1,0.15,-,-
W12X305,0.0,1,0.05,-,-
W18X175,0.0,1,0.95,779.4087947242889,0.5243344717832089
W18X175,0.0,1,0.85,2296.628108173354,0.36345756652931344
W18X175,0.0,1,0.75,2433.438292525357,0.1402132086769195
W18X175,0.0,1,0.5,-,-
W18X175,0.0,1,0.25,-,-
W18X175,0.0,1,0.15,-,-
W18X175,0.0,1,0.05,-,-
W14X257,0.0,1,0.95,986.7226938248335,0.4712384268477793
W14X257,0.0,1,0.85,2546.9625182484115,0.30991729368234344
W14X257,0.0,1,0.75,3248.3041959306643,0.214198327685839
W14X257,0.0,1,0.5,-,-
W14X257,0.0,1,0.25,-,-
W14X257,0.0,1,0.15,-,-
W14X257,0.0,1,0.05,-,-
W27X94,0.0,1,0.95,172.10595769676328,1.167310674326987
W27X94,0.0,1,0.85,1211.4534005298804,0.36850284151489454
W27X94,0.0,1,0.75,1900.4808591254823,0.33511939202178936
W27X94,0.0,1,0.5,2446.6072812545513,0.11574704544509784
W27X94,0.0,1,0.25,-,-
W27X94,0.0,1,0.15,-,-
W27X94,0.0,1,0.05,-,-
W21X132,0.0,1,0.95,424.61326024700674,0.6967870841320628
W21X132,0.0,1,0.85,1588.5676519339154,0.34393821776216343
W21X132,0.0,1,0.75,2386.814970088036,0.3218338720312047
W21X132,0.0,1,0.5,-,-
W21X132,0.0,1,0.25,-,-
W21X132,0.0,1,0.15,-,-
W21X132,0.0,1,0.05,-,-
W12X279,0.0,1,0.95,1340.1116149055115,0.4017410627572152
W12X279,0.0,1,0.85,2655.902596000967,0.20452116260041023
W12X279,0.0,1,0.75,-,-
W12X279,0.0,1,0.5,-,-
W12X279,0.0,1,0.25,-,-
W12X279,0.0,1,0.15,-,-
W12X279,0.0,1,0.05,-,-
W18X158,0.0,1,0.95,674.7625559291532,0.5611795007054933
W18X158,0.0,1,0.85,2094.1339911521927,0.3613107278487512
W18X158,0.0,1,0.75,2702.3426093146086,0.2502478844282611
W18X158,0.0,1,0.5,-,-
W18X158,0.0,1,0.25,-,-
W18X158,0.0,1,0.15,-,-
W18X158,0.0,1,0.05,-,-
W14X233,0.0,1,0.95,881.3579439180276,0.5049291749119124
W14X233,0.0,1,0.85,2401.6343660356674,0.33693936660740603
W14X233,0.0,1,0.75,2901.805791994495,0.2019241029084104
W14X233,0.0,1,0.5,-,-
W14X233,0.0,1,0.25,-,-
W14X233,0.0,1,0.15,-,-
W14X233,0.0,1,0.05,-,-
W24X103,0.0,1,0.95,340.4920445783315,0.8051068647384952
W24X103,0.0,1,0.85,1460.2596899119121,0.34354941385082616
W24X103,0.0,1,0.75,2264.8292543184357,0.338419584615682
W24X103,0.0,1,0.5,2122.6881471866104,0.0257621397232197
W24X103,0.0,1,0.25,-,-
W24X103,0.0,1,0.15,-,-
W24X103,0.0,1,0.05,-,-
W21X122,0.0,1,0.95,344.3990993323714,0.8079786927209434
W21X122,0.0,1,0.85,1467.4290573326314,0.347219097314231
W21X122,0.0,1,0.75,2287.4013676853933,0.3397142287274571
W21X122,0.0,1,0.5,2122.6881471866104,0.0257621397232197
W21X122,0.0,1,0.25,-,-
W21X122,0.0,1,0.15,-,-
W21X122,0.0,1,0.05,-,-
W18X143,0.0,1,0.95,591.1771662753476,0.5819540528517106
W18X143,0.0,1,0.85,1934.8237534988052,0.3617589276639979
W18X143,0.0,1,0.75,2653.147150466268,0.2829893309410792
W18X143,0.0,1,0.5,-,-
W18X143,0.0,1,0.25,-,-
W18X143,0.0,1,0.15,-,-
W18X143,0.0,1,0.05,-,-
W12X252,0.0,1,0.95,1217.9314154005604,0.42363840225312055
W12X252,0.0,1,0.85,2696.313969264529,0.256732297123718
W12X252,0.0,1,0.75,-,-
W12X252,0.0,1,0.5,-,-
W12X252,0.0,1,0.25,-,-
W12X252,0.0,1,0.15,-,-
W12X252,0.0,1,0.05,-,-
W24X94,0.0,1,0.95,265.88808083682017,0.9413311766766181
W24X94,0.0,1,0.85,1340.771967251975,0.3559970545462646
W24X94,0.0,1,0.75,2104.7803449162675,0.3494774847993145
W24X94,0.0,1,0.5,3248.304122354546,0.2141983181248162
W24X94,0.0,1,0.25,-,-
W24X94,0.0,1,0.15,-,-
W24X94,0.0,1,0.05,-,-
W21X111,0.0,1,0.95,282.68371348048856,0.8935872533202758
W21X111,0.0,1,0.85,1352.4440760167008,0.3498361121255255
W21X111,0.0,1,0.75,2123.543358033375,0.3434383119263598
W21X111,0.0,1,0.5,3248.304102543533,0.2141983155881369
W21X111,0.0,1,0.25,-,-
W21X111,0.0,1,0.15,-,-
W21X111,0.0,1,0.05,-,-
W14X211,0.0,1,0.95,770.3686298673142,0.5213190625544929
W14X211,0.0,1,0.85,2272.0958272497664,0.3607688807118388
W14X211,0.0,1,0.75,2570.3770776776505,0.18214424729771383
W14X211,0.0,1,0.5,-,-
W14X211,0.0,1,0.25,-,-
W14X211,0.0,1,0.15,-,-
W14X211,0.0,1,0.05,-,-
W18X130,0.0,1,0.95,499.85696771116255,0.6470351043234802
W18X130,0.0,1,0.85,1751.8331067067706,0.3515063800273571
W18X130,0.0,1,0.75,2520.3896560850194,0.2934805732252496
W18X130,0.0,1,0.5,-,-
W18X130,0.0,1,0.25,-,-
W18X130,0.0,1,0.15,-,-
W18X130,0.0,1,0.05,-,-
W12X230,0.0,1,0.95,1106.7121739048237,0.44266231635553316
W12X230,0.0,1,0.85,2714.737899957941,0.29738717766400585
W12X230,0.0,1,0.75,2122.6881471866104,0.0257621397232197
W12X230,0.0,1,0.5,-,-
W12X230,0.0,1,0.25,-,-
W12X230,0.0,1,0.15,-,-
W12X230,0.0,1,0.05,-,-
W14X193,0.0,1,0.95,679.4497624432123,0.5580020583225009
W14X193,0.0,1,0.85,2111.6023155776024,0.36966410322812115
W14X193,0.0,1,0.75,2702.3425919419965,0.25024787989901587
W14X193,0.0,1,0.5,-,-
W14X193,0.0,1,0.25,-,-
W14X193,0.0,1,0.15,-,-
W14X193,0.0,1,0.05,-,-
W24X84,0.0,1,0.95,165.63985354438552,1.1822592403631529
W24X84,0.0,1,0.85,1208.6108009170634,0.36955306337027827
W24X84,0.0,1,0.75,1896.8655177862577,0.3336852151345036
W24X84,0.0,1,0.5,2446.6072812545513,0.11574704544509784
W24X84,0.0,1,0.25,-,-
W24X84,0.0,1,0.15,-,-
W24X84,0.0,1,0.05,-,-
W18X119,0.0,1,0.95,433.53446533130193,0.6782561655308544
W18X119,0.0,1,0.85,1596.3554574754712,0.34908784507070967
W18X119,0.0,1,0.75,2366.024248481991,0.3032106687470167
W18X119,0.0,1,0.5,-,-
W18X119,0.0,1,0.25,-,-
W18X119,0.0,1,0.15,-,-
W18X119,0.0,1,0.05,-,-
W14X176,0.0,1,0.95,595.7100648790536,0.5796192560664719
W14X176,0.0,1,0.85,1934.8237534988052,0.3617589276639979
W14X176,0.0,1,0.75,2714.7379038264594,0.2973871787760852
W14X176,0.0,1,0.5,-,-
W14X176,0.0,1,0.25,-,-
W14X176,0.0,1,0.15,-,-
W14X176,0.0,1,0.05,-,-
W12X210,0.0,1,0.95,1005.423581003946,0.4631482775448546
W12X210,0.0,1,0.85,2533.2020797902346,0.30431163130608463
W12X210,0.0,1,0.75,3248.3041959306643,0.214198327685839
W12X210,0.0,1,0.5,-,-
W12X210,0.0,1,0.25,-,-
W12X210,0.0,1,0.15,-,-
W12X210,0.0,1,0.05,-,-
W24X76,0.0,1,0.95,103.55425902538937,1.3623986640609833
W24X76,0.0,1,0.85,1100.97073194129,0.3829598563109512
W24X76,0.0,1,0.75,1733.606384853336,0.32186964745506463
W24X76,0.0,1,0.5,2570.3770759117597,0.18214424685238778
W24X76,0.0,1,0.25,-,-
W24X76,0.0,1,0.15,-,-
W24X76,0.0,1,0.05,-,-
W21X93,0.0,1,0.95,339.1101968512512,0.8009752972117361
W21X93,0.0,1,0.85,1446.5312804790963,0.3418908846080406
W21X93,0.0,1,0.75,2255.8944124632426,0.3414379293581762
W21X93,0.0,1,0.5,2122.6881471866104,0.0257621397232197
W21X93,0.0,1,0.25,-,-
W21X93,0.0,1,0.15,-,-
W21X93,0.0,1,0.05,-,-
W18X106,0.0,1,0.95,321.04105034580385,0.8512248002370689
W18X106,0.0,1,0.85,1442.9154540441625,0.3374753013311288
W18X106,0.0,1,0.75,2267.6619368289416,0.3534191065245291
W18X106,0.0,1,0.5,2122.6881471866104,0.0257621397232197
W18X106,0.0,1,0.25,-,-
W18X106,0.0,1,0.15,-,-
W18X106,0.0,1,0.05,-,-
W14X159,0.0,1,0.95,496.0896241981189,0.6417415244988653
W14X159,0.0,1,0.85,1749.5545759958843,0.360681019913847
W14X159,0.0,1,0.75,2537.9093956782476,0.30149997854088545
W14X159,0.0,1,0.5,-,-
W14X159,0.0,1,0.25,-,-
W14X159,0.0,1,0.15,-,-
W14X159,0.0,1,0.05,-,-
W12X190,0.0,1,0.95,895.6151071630605,0.4970493227679564
W12X190,0.0,1,0.85,2418.0413739532796,0.33385799785590853
W12X190,0.0,1,0.75,3168.7156896474494,0.2259205642234567
W12X190,0.0,1,0.5,-,-
W12X190,0.0,1,0.25,-,-
W12X190,0.0,1,0.15,-,-
W12X190,0.0,1,0.05,-,-
W21X83,0.0,1,0.95,249.19885718861582,0.9616397417541672
W21X83,0.0,1,0.85,1314.2302719551512,0.35784241557425
W21X83,0.0,1,0.75,2056.9464875696317,0.3399668399698263
W21X83,0.0,1,0.5,3248.3041959306643,0.214198327685839
W21X83,0.0,1,0.25,-,-
W21X83,0.0,1,0.15,-,-
W21X83,0.0,1,0.05,-,-
W18X97,0.0,1,0.95,254.15638625412194,0.9640916753401908
W18X97,0.0,1,0.85,1336.4326325441907,0.35521928011129583
W18X97,0.0,1,0.75,2085.8508926875543,0.3436110753811869
W18X97,0.0,1,0.5,3248.304178521496,0.21419832539143605
W18X97,0.0,1,0.25,-,-
W18X97,0.0,1,0.15,-,-
W18X97,0.0,1,0.05,-,-
W14X145,0.0,1,0.95,433.34455472903556,0.6809941593663166
W14X145,0.0,1,0.85,1596.3554574754712,0.34908784507070967
W14X145,0.0,1,0.75,2366.0242493424166,0.3032106691118507
W14X145,0.0,1,0.5,-,-
W14X145,0.0,1,0.25,-,-
W14X145,0.0,1,0.15,-,-
W14X145,0.0,1,0.05,-,-
W12X170,0.0,1,0.95,770.3686300267381,0.5213190620090445
W12X170,0.0,1,0.85,2272.0958275549983,0.36076888089075687
W12X170,0.0,1,0.75,2570.3770753277627,0.18214424671300483
W12X170,0.0,1,0.5,-,-
W12X170,0.0,1,0.25,-,-
W12X170,0.0,1,0.15,-,-
W12X170,0.0,1,0.05,-,-
W21X73,0.0,1,0.95,147.68159317568245,1.2226599700855687
W21X73,0.0,1,0.85,1161.0987298554041,0.3767744515647416
W21X73,0.0,1,0.75,1830.3525830650208,0.33555817439925006
W21X73,0.0,1,0.5,2583.9800284387834,0.15636008031642784
W21X73,0.0,1,0.25,-,-
W21X73,0.0,1,0.15,-,-
W21X73,0.0,1,0.05,-,-
W24X62,0.0,1,0.95,92.4318652013144,1.3759050689706087
W24X62,0.0,1,0.85,1031.8875151676896,0.39496095479853305
W24X62,0.0,1,0.75,1624.746302575992,0.3102569745677649
W24X62,0.0,1,0.5,2642.8552362379874,0.22810185872697317
W24X62,0.0,1,0.25,-,-
W24X62,0.0,1,0.15,-,-
W24X62,0.0,1,0.05,-,-
W18X86,0.0,1,0.95,153.42269181055812,1.217669145569511
W18X86,0.0,1,0.85,1188.5348853962034,0.3708190831386133
W18X86,0.0,1,0.75,1863.638727535974,0.3299926922502932
W18X86,0.0,1,0.5,2583.9800284387834,0.15636008031642784
W18X86,0.0,1,0.25,-,-
W18X86,0.0,1,0.15,-,-
W18X86,0.0,1,0.05,-,-
W14X132,0.0,1,0.95,365.2281131496445,0.8023601419754542
W14X132,0.0,1,0.85,1531.0830318731878,0.32838851703445376
W14X132,0.0,1,0.75,2382.192847478739,0.35175216332849335
W14X132,0.0,1,0.5,-,-
W14X132,0.0,1,0.25,-,-
W14X132,0.0,1,0.15,-,-
W14X132,0.0,1,0.05,-,-
W16X100,0.0,1,0.95,344.3990993323714,0.8079786927209434
W16X100,0.0,1,0.85,1471.1724331025946,0.34304807107298957
W16X100,0.0,1,0.75,2287.4013672710503,0.3397142285249386
W16X100,0.0,1,0.5,2122.6881471866104,0.0257621397232197
W16X100,0.0,1,0.25,-,-
W16X100,0.0,1,0.15,-,-
W16X100,0.0,1,0.05,-,-
W21X68,0.0,1,0.95,98.55961587723333,1.3854201516437745
W21X68,0.0,1,0.85,1086.439387467475,0.3878385813500399
W21X68,0.0,1,0.75,1712.5257634986856,0.3287572453020701
W21X68,0.0,1,0.5,2476.8432057072027,0.1621473724172746
W21X68,0.0,1,0.25,-,-
W21X68,0.0,1,0.15,-,-
W21X68,0.0,1,0.05,-,-
W12X152,0.0,1,0.95,660.4867183267596,0.5602494033289688
W12X152,0.0,1,0.85,2055.931655438441,0.3546008181836599
W12X152,0.0,1,0.75,2696.3139738002587,0.2567322983094026
W12X152,0.0,1,0.5,-,-
W12X152,0.0,1,0.25,-,-
W12X152,0.0,1,0.15,-,-
W12X152,0.0,1,0.05,-,-
W24X55,0.0,1,0.95,57.55074307255334,1.5420986045666747
W24X55,0.0,1,0.85,900.1070846986343,0.4308053686495856
W24X55,0.0,1,0.75,1468.7374989195355,0.3135084223510692
W24X55,0.0,1,0.5,2702.694994294448,0.28957839704674093
W24X55,0.0,1,0.25,-,-
W24X55,0.0,1,0.15,-,-
W24X55,0.0,1,0.05,-,-
W21X62,0.0,1,0.95,83.9830530261932,1.4050188613652672
W21X62,0.0,1,0.85,989.9959165941418,0.3977935243703635
W21X62,0.0,1,0.75,1572.6830739876436,0.3088867969918907
W21X62,0.0,1,0.5,2702.3426044163957,0.25024788315497937
W21X62,0.0,1,0.25,-,-
W21X62,0.0,1,0.15,-,-
W21X62,0.0,1,0.05,-,-
W16X89,0.0,1,0.95,251.1421763882289,0.971092484632912
W16X89,0.0,1,0.85,1328.3678453636148,0.3549512990278591
W16X89,0.0,1,0.75,2060.796130884942,0.33828436169389947
W16X89,0.0,1,0.5,3248.3041959306643,0.214198327685839
W16X89,0.0,1,0.25,-,-
W16X89,0.0,1,0.15,-,-
W16X89,0.0,1,0.05,-,-
W12X136,0.0,1,0.95,557.9641523394928,0.6016491635504312
W12X136,0.0,1,0.85,1860.800463797987,0.3570119411367105
W12X136,0.0,1,0.75,2693.1361569271116,0.30445290454446355
W12X136,0.0,1,0.5,-,-
W12X136,0.0,1,0.25,-,-
W12X136,0.0,1,0.15,-,-
W12X136,0.0,1,0.05,-,-
W21X57,0.0,1,0.95,93.43849206520028,1.3849439715186558
W21X57,0.0,1,0.85,1036.3309672170683,0.39930568491925783
W21X57,0.0,1,0.75,1635.7392124122923,0.31234980987381744
W21X57,0.0,1,0.5,2642.8552372588824,0.22810185901938612
W21X57,0.0,1,0.25,-,-
W21X57,0.0,1,0.15,-,-
W21X57,0.0,1,0.05,-,-
W18X71,0.0,1,0.95,213.34387986970995,1.0293019423370318
W18X71,0.0,1,0.85,1261.1398881289892,0.3669949160538991
W18X71,0.0,1,0.75,1982.1265869792985,0.33632718346279283
W18X71,0.0,1,0.5,3168.7156896474494,0.2259205642234567
W18X71,0.0,1,0.25,-,-
W18X71,0.0,1,0.15,-,-
W18X71,0.0,1,0.05,-,-
W16X77,0.0,1,0.95,145.80071949476397,1.210393430237217
W16X77,0.0,1,0.85,1152.455020288866,0.37615369155958756
W16X77,0.0,1,0.75,1819.6378598268304,0.3319934642228687
W16X77,0.0,1,0.5,2700.732033779265,0.18545739820059162
W16X77,0.0,1,0.25,-,-
W16X77,0.0,1,0.15,-,-
W16X77,0.0,1,0.05,-,-
W18X65,0.0,1,0.95,146.55702104683098,1.2152760008471002
W18X65,0.0,1,0.85,1154.1139765412586,0.3790195312558455
W18X65,0.0,1,0.75,1821.511858876096,0.33137592466448595
W18X65,0.0,1,0.5,2583.9800284387834,0.15636008031642784
W18X65,0.0,1,0.25,-,-
W18X65,0.0,1,0.15,-,-
W18X65,0.0,1,0.05,-,-
W12X120,0.0,1,0.95,447.9495049248928,0.690992610637479
W12X120,0.0,1,0.85,1650.830175697484,0.33591866431330325
W12X120,0.0,1,0.75,2459.9410709689023,0.3201714163189838
W12X120,0.0,1,0.5,-,-
W12X120,0.0,1,0.25,-,-
W12X120,0.0,1,0.15,-,-
W12X120,0.0,1,0.05,-,-
W21X50,0.0,1,0.95,60.97964304619839,1.5092541021711845
W21X50,0.0,1,0.85,900.1070846986343,0.4308053686495856
W21X50,0.0,1,0.75,1469.9495706896284,0.3150671148787498
W21X50,0.0,1,0.5,2702.694994294448,0.28957839704674093
W21X50,0.0,1,0.25,-,-
W21X50,0.0,1,0.15,-,-
W21X50,0.0,1,0.05,-,-
W18X60,0.0,1,0.95,94.00979762020572,1.401241037107639
W18X60,0.0,1,0.85,1067.156377878737,0.392110020891393
W18X60,0.0,1,0.75,1681.6841914356157,0.31920179415693734
W18X60,0.0,1,0.5,2507.216833506651,0.17332411541341716
W18X60,0.0,1,0.25,-,-
W18X60,0.0,1,0.15,-,-
W18X60,0.0,1,0.05,-,-
W12X106,0.0,1,0.95,344.3990993323714,0.8079786927209434
W12X106,0.0,1,0.85,1472.6411170180477,0.3443200866538471
W12X106,0.0,1,0.75,2287.4013672710503,0.3397142285249386
W12X106,0.0,1,0.5,2122.6862178105853,0.02576174641802881
W12X106,0.0,1,0.25,-,-
W12X106,0.0,1,0.15,-,-
W12X106,0.0,1,0.05,-,-
W18X55,0.0,1,0.95,83.35921808157545,1.3917980809133812
W18X55,0.0,1,0.85,982.6161400428394,0.40633006049154413
W18X55,0.0,1,0.75,1568.4909369895279,0.3132879863648671
W18X55,0.0,1,0.5,2730.7370907132786,0.26025824542693365
W18X55,0.0,1,0.25,-,-
W18X55,0.0,1,0.15,-,-
W18X55,0.0,1,0.05,-,-
W14X82,0.0,1,0.95,245.0014931936615,0.9540840577253584
W14X82,0.0,1,0.85,1295.1269436406901,0.3543851633322202
W14X82,0.0,1,0.75,2030.3584854237693,0.34107096004988124
W14X82,0.0,1,0.5,3248.3041959306643,0.214198327685839
W14X82,0.0,1,0.25,-,-
W14X82,0.0,1,0.15,-,-
W14X82,0.0,1,0.05,-,-
W21X44,0.0,1,0.95,45.894421691519945,1.5654684740085376
W21X44,0.0,1,0.85,764.1586886543987,0.46735855467377796
W21X44,0.0,1,0.75,1324.940437216497,0.3337338892291173
W21X44,0.0,1,0.5,2592.5203820311776,0.32852202916905265
W21X44,0.0,1,0.25,-,-
W21X44,0.0,1,0.15,-,-
W21X44,0.0,1,0.05,-,-
W12X96,0.0,1,0.95,265.88808083682017,0.9413311766766181
W12X96,0.0,1,0.85,1340.771967251975,0.3559970545462646
W12X96,0.0,1,0.75,2097.3442290584617,0.34634210254001785
W12X96,0.0,1,0.5,3248.3041959306643,0.214198327685839
W12X96,0.0,1,0.25,-,-
W12X96,0.0,1,0.15,-,-
W12X96,0.0,1,0.05,-,-
W18X50,0.0,1,0.95,57.006158459706704,1.5201457234680977
W18X50,0.0,1,0.85,880.1715097951109,0.4389001626327858
W18X50,0.0,1,0.75,1442.9030999858721,0.32491800244968905
W18X50,0.0,1,0.5,2636.957632423005,0.28476319735476574
W18X50,0.0,1,0.25,-,-
W18X50,0.0,1,0.15,-,-
W18X50,0.0,1,0.05,-,-
W14X74,0.0,1,0.95,149.08354639833468,1.2396090049581943
W14X74,0.0,1,0.85,1177.629401636848,0.3735208051063589
W14X74,0.0,1,0.75,1851.45434794139,0.33620597878137876
W14X74,0.0,1,0.5,2583.9800284387834,0.15636008031642784
W14X74,0.0,1,0.25,-,-
W14X74,0.0,1,0.15,-,-
W14X74,0.0,1,0.05,-,-
W16X57,0.0,1,0.95,107.3451847486128,1.3469042728420508
W16X57,0.0,1,0.85,1114.3830508385618,0.38409560476547794
W16X57,0.0,1,0.75,1745.9165453834707,0.3151558350643498
W16X57,0.0,1,0.5,2527.567600648551,0.170763958856595
W16X57,0.0,1,0.25,-,-
W16X57,0.0,1,0.15,-,-
W16X57,0.0,1,0.05,-,-
W14X68,0.0,1,0.95,98.55961587723333,1.3854201516437745
W14X68,0.0,1,0.85,1094.2632973910963,0.385673996648756
W14X68,0.0,1,0.75,1722.7691639467664,0.330811346517207
W14X68,0.0,1,0.5,2476.8432057072027,0.1621473724172746
W14X68,0.0,1,0.25,-,-
W14X68,0.0,1,0.15,-,-
W14X68,0.0,1,0.05,-,-
W18X46,0.0,1,0.95,74.75505810754373,1.4044592290124107
W18X46,0.0,1,0.85,927.053814470523,0.4263302354010572
W18X46,0.0,1,0.75,1491.7977894023663,0.30908522976500946
W18X46,0.0,1,0.5,2622.4201184478225,0.2616105364752597
W18X46,0.0,1,0.25,-,-
W18X46,0.0,1,0.15,-,-
W18X46,0.0,1,0.05,-,-
W16X50,0.0,1,0.95,83.35921781283366,1.3917980852927148
W16X50,0.0,1,0.85,969.8607667363788,0.4036891152934644
W16X50,0.0,1,0.75,1541.3995862705985,0.3173687182312149
W16X50,0.0,1,0.5,2700.24151820125,0.2644014973558939
W16X50,0.0,1,0.25,-,-
W16X50,0.0,1,0.15,-,-
W16X50,0.0,1,0.05,-,-
W18X40,0.0,1,0.95,45.47274639270888,1.5872353930727807
W18X40,0.0,1,0.85,783.8813365903868,0.45035693466237664
W18X40,0.0,1,0.75,1335.5909053897158,0.33380679302871513
W18X40,0.0,1,0.5,2558.010776586104,0.3072119797174416
W18X40,0.0,1,0.25,-,-
W18X40,0.0,1,0.15,-,-
W18X40,0.0,1,0.05,-,-
W16X45,0.0,1,0.95,53.32861616068891,1.5503296300388696
W16X45,0.0,1,0.85,867.1921987452322,0.43797939033319644
W16X45,0.0,1,0.75,1424.9922030775958,0.32221103319140615
W16X45,0.0,1,0.5,2726.4487819808714,0.3209858754301103
W16X45,0.0,1,0.25,-,-
W16X45,0.0,1,0.15,-,-
W16X45,0.0,1,0.05,-,-
W14X53,0.0,1,0.95,83.9830530261932,1.4050188613652672
W14X53,0.0,1,0.85,993.2607979960098,0.3972131454757506
W14X53,0.0,1,0.75,1574.3067749939714,0.31041285877977065
W14X53,0.0,1,0.5,2702.3426074807953,0.2502478839482892
W14X53,0.0,1,0.25,-,-
W14X53,0.0,1,0.15,-,-
W14X53,0.0,1,0.05,-,-
W16X40,0.0,1,0.95,43.4190912115979,1.5328998562939464
W16X40,0.0,1,0.85,745.3221278691994,0.4699152233760788
W16X40,0.0,1,0.75,1285.1900479441356,0.3367893703978082
W16X40,0.0,1,0.5,2399.551849137863,0.292339892843559
W16X40,0.0,1,0.25,-,-
W16X40,0.0,1,0.15,-,-
W16X40,0.0,1,0.05,-,-
W18X35,0.0,1,0.95,34.279261749080234,1.621693823068838
W18X35,0.0,1,0.85,677.096499464986,0.4714552220497761
W18X35,0.0,1,0.75,1188.1298188545318,0.3529987124716086
W18X35,0.0,1,0.5,2393.5026880179385,0.34475290469295405
W18X35,0.0,1,0.25,-,-
W18X35,0.0,1,0.15,-,-
W18X35,0.0,1,0.05,-,-
W14X48,0.0,1,0.95,57.0061584859698,1.520145724561021
W14X48,0.0,1,0.85,886.6265096153766,0.43749634941168686
W14X48,0.0,1,0.75,1451.422762243795,0.32288816446429425
W14X48,0.0,1,0.5,2655.9831102630815,0.2874443591287473
W14X48,0.0,1,0.25,-,-
W14X48,0.0,1,0.15,-,-
W14X48,0.0,1,0.05,-,-
W12X50,0.0,1,0.95,79.18046139898088,1.4176916383300364
W12X50,0.0,1,0.85,960.4753794334149,0.4193391884180462
W12X50,0.0,1,0.75,1538.3499929616246,0.3157277219910802
W12X50,0.0,1,0.5,2700.24151820125,0.2644014973558939
W12X50,0.0,1,0.25,-,-
W12X50,0.0,1,0.15,-,-
W12X50,0.0,1,0.05,-,-
W14X38,0.0,1,0.95,45.93909241406053,1.538917403352982
W14X38,0.0,1,0.85,754.9356176495911,0.46901778407842143
W14X38,0.0,1,0.75,1299.553472617916,0.3380759318154054
W14X38,0.0,1,0.5,2451.8151503615422,0.2962308125248697
W14X38,0.0,1,0.25,-,-
W14X38,0.0,1,0.15,-,-
W14X38,0.0,1,0.05,-,-
W16X31,0.0,1,0.95,34.093448606354066,1.596111776523054
W16X31,0.0,1,0.85,656.074496736545,0.4763376331587037
W16X31,0.0,1,0.75,1159.048389107517,0.3507572622277459
W16X31,0.0,1,0.5,2315.5824776664012,0.3316614672843775
W16X31,0.0,1,0.25,2122.6881471866104,0.0257621397232197
W16X31,0.0,1,0.15,-,-
W16X31,0.0,1,0.05,-,-
W12X45,0.0,1,0.95,53.31988140513746,1.529349419370147
W12X45,0.0,1,0.85,857.7238249341758,0.4406761531378319
W12X45,0.0,1,0.75,1401.8287931159975,0.31512663564349447
W12X45,0.0,1,0.5,2719.6478914298427,0.324413486771756
W12X45,0.0,1,0.25,-,-
W12X45,0.0,1,0.15,-,-
W12X45,0.0,1,0.05,-,-
W12X35,0.0,1,0.95,43.4190912115979,1.5328998562939464
W12X35,0.0,1,0.85,743.470537602072,0.4706813256956657
W12X35,0.0,1,0.75,1276.8151703890583,0.3414162954734182
W12X35,0.0,1,0.5,2404.8659187352678,0.2967246602437604
W12X35,0.0,1,0.25,-,-
W12X35,0.0,1,0.15,-,-
W12X35,0.0,1,0.05,-,-
W14X26,0.0,1,0.95,26.124762981905214,1.6740531416875712
W14X26,0.0,1,0.85,599.7401855579615,0.5047995519225212
W14X26,0.0,1,0.75,1096.094869308739,0.36144294131170046
W14X26,0.0,1,0.5,2224.5150163231606,0.339586215411556
W14X26,0.0,1,0.25,2122.6881471866104,0.0257621397232197
W14X26,0.0,1,0.15,-,-
W14X26,0.0,1,0.05,-,-
W12X22,0.0,1,0.95,26.124761479342332,1.6740531839932942
W12X22,0.0,1,0.85,607.0180100768904,0.4992317193701765
W12X22,0.0,1,0.75,1105.63089464288,0.3637079490729294
W12X22,0.0,1,0.5,2252.260088840021,0.3425496288261126
W12X22,0.0,1,0.25,2122.686324048354,0.02576176807468551
W12X22,0.0,1,0.15,-,-
W12X22,0.0,1,0.05,-,-
W12X19,0.0,1,0.95,19.930374740753273,1.7404380832507267
W12X19,0.0,1,0.85,491.63604774981883,0.5656999706355468
W12X19,0.0,1,0.75,964.8009582179682,0.38847612870051407
W12X19,0.0,1,0.5,1970.2258564379108,0.3248906988227201
W12X19,0.0,1,0.25,3168.7156896474494,0.2259205642234567
W12X19,0.0,1,0.15,-,-
W12X19,0.0,1,0.05,-,-
